Workbook

Sheet Summary
A1: Metric | B1: Value
A2: Loans loaded | B2: 2260701
A3: Loans after cleaning | B3: 2260666
A4: Resolved loans | B4: 1346109
A5: Resolved default rate | B5: 0.20010267
A6: PaySim transactions | B6: 6362620
A7: Combined precision | B7: 0.73672971
A8: Combined recall | B8: 0.99875931
A9: Combined alerts per day | B9: 354.37838

Sheet Data
A1: id | B1: issue_d | C1: loan_status | D1: grade | E1: loan_amnt | F1: purpose | G1: addr_state | H1: grade_default_rate
A2: 68407277 | B2: Dec-2015 | C2: Fully Paid | D2: C | E2: 3600.0 | F2: debt_consolidation | G2: PA | H2: =IFERROR(VLOOKUP("grade|"&D2,Segment_Lookup!$A$2:$D$8,4,FALSE),"")
A3: 68355089 | B3: Dec-2015 | C3: Fully Paid | D3: C | E3: 24700.0 | F3: small_business | G3: SD | H3: =IFERROR(VLOOKUP("grade|"&D3,Segment_Lookup!$A$2:$D$8,4,FALSE),"")
A4: 68341763 | B4: Dec-2015 | C4: Fully Paid | D4: B | E4: 20000.0 | F4: home_improvement | G4: IL | H4: =IFERROR(VLOOKUP("grade|"&D4,Segment_Lookup!$A$2:$D$8,4,FALSE),"")
A5: 66310712 | B5: Dec-2015 | C5: Current | D5: C | E5: 35000.0 | F5: debt_consolidation | G5: NJ | H5: =IFERROR(VLOOKUP("grade|"&D5,Segment_Lookup!$A$2:$D$8,4,FALSE),"")
A6: 68476807 | B6: Dec-2015 | C6: Fully Paid | D6: F | E6: 10400.0 | F6: major_purchase | G6: PA | H6: =IFERROR(VLOOKUP("grade|"&D6,Segment_Lookup!$A$2:$D$8,4,FALSE),"")
A7: 68426831 | B7: Dec-2015 | C7: Fully Paid | D7: C | E7: 11950.0 | F7: debt_consolidation | G7: GA | H7: =IFERROR(VLOOKUP("grade|"&D7,Segment_Lookup!$A$2:$D$8,4,FALSE),"")
A8: 68476668 | B8: Dec-2015 | C8: Fully Paid | D8: B | E8: 20000.0 | F8: debt_consolidation | G8: MN | H8: =IFERROR(VLOOKUP("grade|"&D8,Segment_Lookup!$A$2:$D$8,4,FALSE),"")
A9: 67275481 | B9: Dec-2015 | C9: Fully Paid | D9: B | E9: 20000.0 | F9: major_purchase | G9: SC | H9: =IFERROR(VLOOKUP("grade|"&D9,Segment_Lookup!$A$2:$D$8,4,FALSE),"")
A10: 68466926 | B10: Dec-2015 | C10: Fully Paid | D10: A | E10: 10000.0 | F10: credit_card | G10: PA | H10: =IFERROR(VLOOKUP("grade|"&D10,Segment_Lookup!$A$2:$D$8,4,FALSE),"")
A11: 68616873 | B11: Dec-2015 | C11: Fully Paid | D11: B | E11: 8000.0 | F11: credit_card | G11: RI | H11: =IFERROR(VLOOKUP("grade|"&D11,Segment_Lookup!$A$2:$D$8,4,FALSE),"")
A12: 68356421 | B12: Dec-2015 | C12: Current | D12: C | E12: 22400.0 | F12: debt_consolidation | G12: SC | H12: =IFERROR(VLOOKUP("grade|"&D12,Segment_Lookup!$A$2:$D$8,4,FALSE),"")
A13: 68426545 | B13: Dec-2015 | C13: Current | D13: C | E13: 16000.0 | F13: debt_consolidation | G13: TX | H13: =IFERROR(VLOOKUP("grade|"&D13,Segment_Lookup!$A$2:$D$8,4,FALSE),"")
... A20001: 66605608 | B20001: Dec-2015 | C20001: Current | D20001: C | E20001: 17000.0 | F20001: debt_consolidation | G20001: CA | H20001: =IFERROR(VLOOKUP("grade|"&D20001,Segment_Lookup!$A$2:$D$8,4,FALSE),"")

Sheet Segment_Lookup
A1: key | B1: loans | C1: defaults | D1: rate
A2: grade|A | B2: 235103 | C2: 14214 | D2: 0.060458608
A3: grade|B | B3: 392832 | C3: 52661 | D3: 0.13405476
A4: grade|C | B4: 381841 | C4: 85805 | D4: 0.22471395
A5: grade|D | B5: 201163 | C5: 61264 | D5: 0.30454905
A6: grade|E | B6: 93814 | C6: 36199 | D6: 0.38585925
A7: grade|F | B7: 32152 | C7: 14585 | D7: 0.45362652
A8: grade|G | B8: 9204 | C8: 4632 | D8: 0.50325945

Sheet Fraud_Performance
A1: rule | B1: alerts | C1: alerts_per_day | D1: precision | E1: recall | F1: f1 | G1: tp | H1: fp | I1: fn
A2: Large TRANSFER | B2: 1047 | C2: 113.18919 | D2: 0.17574021 | E2: 0.076095947 | F2: 0.10620491 | G2: 184 | H2: 863 | I2: 2234
A3: Account drain | B3: 2354 | C3: 254.48649 | D3: 1 | E3: 0.97353184 | F3: 0.98658843 | G3: 2354 | H3: 0 | I3: 64
A4: Combined rule set | B4: 3278 | C4: 354.37838 | D4: 0.73672971 | E4: 0.99875931 | F4: 0.84796348 | G4: 2415 | H4: 863 | I4: 3
A5: Dataset isFlaggedFraud baseline | B5: 10 | C5: 1.0810811 | D5: 1 | E5: 0.0041356493 | F5: 0.0082372323 | G5: 10 | H5: 0 | I5: 2408

Sheet INSTRUCTIONS
A1: Excel reporting instructions
A2: Data sheet contains first 20,000 cleaned loans as a manageable workbook extract; underlying complete portfolio is in warehouse.sqlite.
A3: Select Data sheet, then Insert > PivotTable.
A4: Use issue_d, loan_status, grade, purpose, addr_state and loan_amnt to build pivots.
A5: VLOOKUP in Data!H:H returns grade resolved default rate from Segment_Lookup.
